scenario,query,faithfulness_score,faithfulness_reason,answer_relevancy_score,answer_relevancy_reason
Activity/Purpose Based,1. I need something comfortable for walking around the city all day,0.9166666666666666,"The score is 0.92 because the actual output incorrectly stated the colorway of the Nike Dunk Low 'Berlin' as Off Noir/Cool Grey/Black/Jade Horizon, a detail that wasn't present in the retrieval context.",1.0,"The score is 1.00 because the response directly and accurately addresses the input, providing information relevant to finding comfortable footwear for walking around the city all day."
Activity/Purpose Based,2. Looking for shoes that I can wear both at the gym and casual outings,1.0,The score is 1.00 because there are no contradictions between the actual output and the retrieval context.,1.0,The score is 1.00 because the response perfectly addressed the request for shoes suitable for both gym and casual outings.
Activity/Purpose Based,3. Need something for my daily morning jogs,1.0,The score is 1.00 because there are no contradictions between the retrieval context and the actual output.,1.0,The score is 1.00 because the response perfectly addressed the requirement for daily morning jogs without any irrelevant information.
Style/Appearance Based,1. I want something that looks vintage but still modern,0.8333333333333334,The score is 0.83 because the actual output incorrectly attributes specific characteristics of the general 'Nike Blazer' model to the specific 'Nike Blazer Mid '77 Vintage 'White Black' model. This includes the claim that the specific model is one of the first Nike basketball sneakers ever released and that it has a long heritage.,1.0,The score is 1.00 because the response perfectly addressed the input without any irrelevant statements.
Style/Appearance Based,2. Looking for sneakers that aren't too flashy but still stylish,0.9375,"The score is 0.94 because there is a minor contradiction regarding the colorway of the shoe. While the actual output claims it to be black and white, the retrieval context specifies it as Black/Cloud Cream/Egret.",0.9285714285714286,"The score is 0.93 because while the output was mostly relevant and addressed the request for stylish sneakers, it included a statement suggesting the sneaker was 'highly sought-after' and 'sure to turn heads', which contradicts the input's request for sneakers that aren't too flashy."
Style/Appearance Based,3. Want some cool streetwear vibes in my shoes,1.0,The score is 1.00 because there are no contradictions between the actual output and the retrieval context. Great job!,1.0,"The score is 1.00 because the output perfectly addresses the input, providing relevant information about streetwear shoes."
Comfort/Experience Based,"1. My feet hurt after long walks, need something supportive",0.9166666666666666,"The score is 0.92 because the actual output inaccurately mentions a full-length Boost unit in the midsole of the shoe, which is not stated in the retrieval context.",0.9333333333333333,"The score is 0.93 because while the response largely addressed the need for supportive footwear, it included an irrelevant statement about the color of the product."
Comfort/Experience Based,2. Want something light and breathable for summer,1.0,The score is 1.00 because there are no contradictions between the actual output and the retrieval context.,1.0,"The score is 1.00 because the output accurately addressed the need for something light and breathable for summer, without including any irrelevant information."
Comfort/Experience Based,3. Need shoes that don't make my feet sweaty,1.0,The score is 1.00 because there are no contradictions between the actual output and the retrieval context.,0.3,"The score is 0.30 because the majority of the responses in the actual output, such as shoe name, description, colorway, and category, are not related to the input query about shoes that prevent feet from getting sweaty. However, it's not zero because there may be some indirect relevance or partially relevant information."
Occasion Based,1. Need sneakers I can wear to work but also look cool,1.0,"The score is 1.00 because there are no contradictions between the actual output and the retrieval context, demonstrating perfect alignment.",1.0,The score is 1.00 because the response perfectly addressed the user's need for sneakers suitable for work and also stylish.
Occasion Based,2. Want something suitable for both indoor and outdoor activities,0.9090909090909091,"The score is 0.91 because the actual output incorrectly categorizes the Vans Sk8-Hi Horror Pack Nightmare on Elm Street Freddy Krueger as an athletic sneaker, whereas the retrieval context clearly states that it is a lifestyle sneaker.",1.0,The score is 1.00 because the response perfectly addressed the need for something suitable for both indoor and outdoor activities without any irrelevant information.
Occasion Based,3. Looking for shoes I can wear to casual parties,1.0,The score is 1.00 because there are no contradictions between the actual output and the retrieval context.,0.8888888888888888,"The score is 0.89 because while the output provides relevant information on suitable shoes for casual parties, it includes an irrelevant statement about Anderson Paak playing every time a pair of the mentioned shoes are sold, which doesn't contribute to the understanding of the shoes' suitability for casual parties."
Mixed Requirements,1. Want something comfortable but also looks good with jeans,0.9166666666666666,"The score is 0.92 because the actual output incorrectly claims that the responsive foam compound of the adidas Yeezy Boost 700 MNVN 'Metallic' is visible through cut-outs in the outsole, when the retrieval context specifies that it is visible through cut-outs in the herringbone-traction rubber outsole.",1.0,"The score is 1.00 because the response completely addressed the input, providing options that are both comfortable and go well with jeans."
Mixed Requirements,2. Need breathable shoes for summer that aren't too sporty looking,1.0,The score is 1.00 because there are no contradictions present between the 'actual output' and the 'retrieval context'. Well done!,1.0,"The score is 1.00 because the response perfectly addressed the need for breathable, non-sporty summer shoes."
Mixed Requirements,3. Looking for stylish sneakers that I can also use for light exercise,0.9375,"The score is 0.94 because there is a minor discrepancy in the colorway description of the Converse TURBOWPN Mid Rick Owens DRKSHDW shoe. The actual output mentions it as Black/Cloud Cream/Egret, while the retrieval context describes it as black and white.",1.0,The score is 1.00 because the response perfectly addressed the input about stylish sneakers suitable for light exercise.
Specific Problem Based,"1. I have flat feet, need something comfortable",1.0,The score is 1.00 because there are no contradictions between the retrieval context and the actual output.,1.0,The score is 1.00 because the output perfectly addressed the user's need for comfortable footwear suitable for flat feet.
Specific Problem Based,"2. My ankles usually hurt when walking, need good support",1.0,The score is 1.00 because there were no contradictions found between the retrieval context and the actual output.,0.6923076923076923,"The score is 0.69 because while some information about the sneaker was provided, it did not directly address the input's concern about ankle support while walking. Information such as release date, price, colorway, and category of the sneaker were irrelevant to the input."
Specific Problem Based,3. Want something that won't make my feet tired during long shifts,1.0,The score is 1.00 because there are no contradictions present between the 'actual output' and the 'retrieval context'. This indicates a perfect alignment.,1.0,The score is 1.00 because the response accurately and completely addresses the specific query about wanting something that won't make the user's feet tired during long shifts.
